MAP_NAMESPACE_NONE,MAP_NAMESPACE_NONE,MAP_NAMESPACE_NONE,MAP_NAMESPACE_NONE,MAP_NAMESPACE_NONE,MAP_NAMESPACE_NONE,MAP_NAMESPACE_NONE,MAP_NAMESPACE_NONE,MAP_NAMESPACE_NONE,MAP_NAMESPACE_NONE,MAP_NAMESPACE_NONE,MAP_NAMESPACE_NONE,MAP_NAMESPACE_NONE,MAP_NAMESPACE_NONE,MAP_NAMESPACE_NONE,MAP_NAMESPACE_NONE,MAP_NAMESPACE_NONE,MAP_NAMESPACE_NONE,MAP_NAMESPACE_NONE,MAP_NAMESPACE_NONE,MAP_NAMESPACE_NONE,MAP_NAMESPACE_NONE
MAP_NAMESPACE_NONE,MAP_NAMESPACE_NONE,MAP_NAMESPACE_NONE,MAP_NAMESPACE_NONE,MAP_NAMESPACE_NONE,MAP_NAMESPACE_NONE,MAP_NAMESPACE_NONE,MAP_NAMESPACE_NONE,MAP_NAMESPACE_NONE,MAP_NAMESPACE_NONE,MAP_NAMESPACE_NONE,MAP_NAMESPACE_NONE,MAP_NAMESPACE_NONE,MAP_NAMESPACE_NONE,MAP_NAMESPACE_NONE,MAP_NAMESPACE_NONE,MAP_NAMESPACE_NONE,MAP_NAMESPACE_NONE,MAP_NAMESPACE_NONE,MAP_NAMESPACE_NONE,MAP_NAMESPACE_NONE,MAP_NAMESPACE_NONE
MAP_NAMESPACE_NONE,MAP_NAMESPACE_NONE,MAP_NAMESPACE_NONE,MAP_NAMESPACE_NONE,MAP_NAMESPACE_NONE,MAP_NAMESPACE_NONE,MAP_NAMESPACE_NONE,MAP_NAMESPACE_NONE,MAP_NAMESPACE_NONE,MAP_NAMESPACE_NONE,MAP_NAMESPACE_NONE,MAP_NAMESPACE_NONE,MAP_NAMESPACE_NONE,MAP_NAMESPACE_NONE,MAP_NAMESPACE_NONE,MAP_NAMESPACE_NONE,MAP_NAMESPACE_NONE,MAP_NAMESPACE_NONE,MAP_NAMESPACE_NONE,MAP_NAMESPACE_NONE,MAP_NAMESPACE_NONE,MAP_NAMESPACE_NONE
MAP_NAMESPACE_NONE,MAP_NAMESPACE_NONE,MAP_NAMESPACE_NONE,MAP_NAMESPACE_NONE,MAP_NAMESPACE_NONE,MAP_NAMESPACE_NONE,MAP_NAMESPACE_NONE,MAP_NAMESPACE_NONE,MAP_NAMESPACE_NONE,MAP_NAMESPACE_NONE,MAP_NAMESPACE_NONE,MAP_NAMESPACE_NONE,MAP_NAMESPACE_NONE,MAP_NAMESPACE_NONE,MAP_NAMESPACE_NONE,MAP_NAMESPACE_NONE,MAP_NAMESPACE_NONE,MAP_NAMESPACE_NONE,MAP_NAMESPACE_NONE,MAP_NAMESPACE_NONE,MAP_NAMESPACE_NONE,MAP_NAMESPACE_NONE
MAP_NAMESPACE_NONE,MAP_NAMESPACE_NONE,MAP_NAMESPACE_NONE,MAP_NAMESPACE_NONE,MAP_NAMESPACE_NONE,MAP_NAMESPACE_NONE,MAP_NAMESPACE_NONE,MAP_NAMESPACE_NONE,MAP_NAMESPACE_NONE,MAP_NAMESPACE_NONE,MAP_NAMESPACE_NONE,MAP_NAMESPACE_NONE,MAP_NAMESPACE_NONE,MAP_NAMESPACE_NONE,MAP_NAMESPACE_NONE,MAP_NAMESPACE_NONE,MAP_NAMESPACE_NONE,MAP_NAMESPACE_NONE,MAP_NAMESPACE_NONE,MAP_NAMESPACE_NONE,MAP_NAMESPACE_NONE,MAP_NAMESPACE_NONE
MAP_NAMESPACE_NONE,MAP_NAMESPACE_NONE,MAP_NAMESPACE_NONE,MAP_NAMESPACE_NONE,MAP_NAMESPACE_NONE,MAP_NAMESPACE_NONE,MAP_NAMESPACE_NONE,MAP_NAMESPACE_NONE,MAP_NAMESPACE_NONE,MAP_NAMESPACE_NONE,MAP_NAMESPACE_NONE,MAP_NAMESPACE_NONE,MAP_NAMESPACE_NONE,MAP_NAMESPACE_NONE,MAP_NAMESPACE_NONE,MAP_NAMESPACE_NONE,MAP_NAMESPACE_NONE,MAP_NAMESPACE_NONE,MAP_NAMESPACE_NONE,MAP_NAMESPACE_NONE,MAP_NAMESPACE_NONE,MAP_NAMESPACE_NONE
MAP_NAMESPACE_NONE,MAP_NAMESPACE_NONE,MAP_NAMESPACE_NONE,MAP_NAMESPACE_NONE,MAP_NAMESPACE_NONE,MAP_NAMESPACE_NONE,MAP_NAMESPACE_NONE,MAP_NAMESPACE_NONE,MAP_NAMESPACE_NONE,MAP_NAMESPACE_NONE,MAP_NAMESPACE_NONE,MAP_NAMESPACE_NONE,MAP_NAMESPACE_NONE,MAP_NAMESPACE_NONE,MAP_NAMESPACE_NONE,MAP_NAMESPACE_NONE,MAP_NAMESPACE_NONE,MAP_NAMESPACE_NONE,MAP_NAMESPACE_NONE,MAP_NAMESPACE_NONE,MAP_NAMESPACE_NONE,MAP_NAMESPACE_NONE
MAP_NAMESPACE_NONE,MAP_NAMESPACE_NONE,MAP_NAMESPACE_NONE,MAP_NAMESPACE_NONE,MAP_NAMESPACE_NONE,MAP_NAMESPACE_NONE,MAP_NAMESPACE_NONE,MAP_NAMESPACE_NONE,MAP_NAMESPACE_NONE,MAP_NAMESPACE_NONE,MAP_NAMESPACE_NONE,MAP_NAMESPACE_NONE,MAP_NAMESPACE_NONE,MAP_NAMESPACE_NONE,MAP_NAMESPACE_NONE,MAP_NAMESPACE_NONE,MAP_NAMESPACE_NONE,MAP_NAMESPACE_NONE,MAP_NAMESPACE_NONE,MAP_NAMESPACE_NONE,MAP_NAMESPACE_NONE,MAP_NAMESPACE_NONE
MAP_NAMESPACE_NONE,MAP_NAMESPACE_NONE,MAP_NAMESPACE_NONE,MAP_NAMESPACE_NONE,MAP_NAMESPACE_NONE,MAP_NAMESPACE_NONE,MAP_NAMESPACE_NONE,MAP_NAMESPACE_NONE,MAP_NAMESPACE_NONE,MAP_NAMESPACE_NONE,MAP_NAMESPACE_NONE,MAP_NAMESPACE_NONE,MAP_NAMESPACE_NONE,MAP_NAMESPACE_NONE,MAP_NAMESPACE_NONE,MAP_NAMESPACE_NONE,MAP_NAMESPACE_NONE,MAP_NAMESPACE_NONE,MAP_NAMESPACE_NONE,MAP_NAMESPACE_NONE,MAP_NAMESPACE_NONE,MAP_NAMESPACE_NONE
MAP_NAMESPACE_NONE,MAP_NAMESPACE_NONE,MAP_NAMESPACE_NONE,MAP_NAMESPACE_NONE,MAP_NAMESPACE_NONE,MAP_NAMESPACE_NONE,MAP_NAMESPACE_NONE,MAP_NAMESPACE_NONE,MAP_NAMESPACE_NONE,MAP_NAMESPACE_NONE,MAP_NAMESPACE_NONE,MAP_NAMESPACE_NONE,MAP_NAMESPACE_NONE,MAP_NAMESPACE_NONE,MAP_NAMESPACE_NONE,MAP_NAMESPACE_NONE,MAP_NAMESPACE_NONE,MAP_NAMESPACE_NONE,MAP_NAMESPACE_NONE,MAP_NAMESPACE_NONE,MAP_NAMESPACE_NONE,MAP_NAMESPACE_NONE
MAP_NAMESPACE_NONE,MAP_NAMESPACE_NONE,MAP_NAMESPACE_NONE,MAP_NAMESPACE_NONE,MAP_NAMESPACE_NONE,MAP_NAMESPACE_NONE,MAP_NAMESPACE_NONE,MAP_NAMESPACE_NONE,MAP_NAMESPACE_NONE,MAP_NAMESPACE_NONE,MAP_NAMESPACE_NONE,MAP_NAMESPACE_NONE,MAP_NAMESPACE_NONE,MAP_NAMESPACE_NONE,MAP_NAMESPACE_NONE,MAP_NAMESPACE_NONE,MAP_NAMESPACE_NONE,MAP_NAMESPACE_NONE,MAP_NAMESPACE_NONE,MAP_NAMESPACE_NONE,MAP_NAMESPACE_NONE,MAP_NAMESPACE_NONE
MAP_NAMESPACE_NONE,MAP_NAMESPACE_NONE,MAP_NAMESPACE_NONE,MAP_NAMESPACE_NONE,MAP_NAMESPACE_NONE,MAP_NAMESPACE_NONE,MAP_NAMESPACE_NONE,MAP_NAMESPACE_NONE,MAP_NAMESPACE_NONE,MAP_NAMESPACE_NONE,MAP_NAMESPACE_NONE,MAP_NAMESPACE_NONE,MAP_NAMESPACE_NONE,MAP_NAMESPACE_NONE,MAP_NAMESPACE_NONE,MAP_NAMESPACE_NONE,MAP_NAMESPACE_NONE,MAP_NAMESPACE_NONE,MAP_NAMESPACE_NONE,MAP_NAMESPACE_NONE,MAP_NAMESPACE_NONE,MAP_NAMESPACE_NONE
MAP_NAMESPACE_NONE,MAP_NAMESPACE_NONE,MAP_NAMESPACE_NONE,MAP_NAMESPACE_NONE,MAP_NAMESPACE_NONE,MAP_NAMESPACE_NONE,MAP_NAMESPACE_NONE,MAP_NAMESPACE_NONE,MAP_NAMESPACE_NONE,MAP_NAMESPACE_NONE,MAP_NAMESPACE_NONE,MAP_NAMESPACE_NONE,MAP_NAMESPACE_NONE,MAP_NAMESPACE_NONE,MAP_NAMESPACE_NONE,MAP_NAMESPACE_NONE,MAP_NAMESPACE_NONE,MAP_NAMESPACE_NONE,MAP_NAMESPACE_NONE,MAP_NAMESPACE_NONE,MAP_NAMESPACE_NONE,MAP_NAMESPACE_NONE
MAP_NAMESPACE_NONE,MAP_NAMESPACE_NONE,MAP_NAMESPACE_NONE,MAP_NAMESPACE_NONE,MAP_NAMESPACE_NONE,MAP_NAMESPACE_NONE,MAP_NAMESPACE_NONE,MAP_NAMESPACE_NONE,MAP_NAMESPACE_NONE,MAP_NAMESPACE_NONE,MAP_NAMESPACE_NONE,MAP_NAMESPACE_NONE,MAP_NAMESPACE_NONE,MAP_NAMESPACE_NONE,MAP_NAMESPACE_NONE,MAP_NAMESPACE_NONE,MAP_NAMESPACE_NONE,MAP_NAMESPACE_NONE,MAP_NAMESPACE_NONE,MAP_NAMESPACE_NONE,MAP_NAMESPACE_NONE,MAP_NAMESPACE_NONE
MAP_NAMESPACE_NONE,MAP_NAMESPACE_NONE,MAP_NAMESPACE_NONE,MAP_NAMESPACE_NONE,MAP_NAMESPACE_NONE,MAP_NAMESPACE_NONE,MAP_NAMESPACE_NONE,MAP_NAMESPACE_NONE,MAP_NAMESPACE_NONE,MAP_NAMESPACE_NONE,MAP_NAMESPACE_NONE,MAP_NAMESPACE_NONE,MAP_NAMESPACE_NONE,MAP_NAMESPACE_NONE,MAP_NAMESPACE_NONE,MAP_NAMESPACE_NONE,MAP_NAMESPACE_NONE,MAP_NAMESPACE_NONE,MAP_NAMESPACE_NONE,MAP_NAMESPACE_NONE,MAP_NAMESPACE_NONE,MAP_NAMESPACE_NONE
